#     Step;    Sim. Time;   Iter;    t_Ener;    t_Grad;       Temp;       E_Kin;           E_Pot;           E_Tot;        Cons.Qty;   E.Drift
         0;          0.0;     15;     33.88;          ;     300.00;    0.044177;     -926.068225;     -926.024048;                ;          
         1;          0.5;      8;     18.45;      9.34;     283.11;    0.041689;     -926.063797;     -926.022108;     -926.022121;      0.00
         2;          1.0;      8;     18.45;      9.28;     263.98;    0.038873;     -926.060839;     -926.021966;     -926.022005;      0.39
         3;          1.5;      8;     18.27;      9.19;     266.52;    0.039247;     -926.061132;     -926.021886;     -926.021950;      0.58
         4;          2.0;      8;     18.16;      9.37;     295.92;    0.043576;     -926.065505;     -926.021930;     -926.021997;      0.42
         5;          2.5;      8;     18.11;      9.22;     347.55;    0.051179;     -926.073259;     -926.022080;     -926.022112;      0.03
         6;          3.0;      8;     18.31;      9.25;     410.65;    0.060470;     -926.082717;     -926.022247;     -926.022196;     -0.26
         7;          3.5;      8;     18.34;      9.27;     477.20;    0.070270;     -926.092647;     -926.022377;     -926.022196;     -0.26
         8;          4.0;      8;     18.23;      9.20;     546.20;    0.080431;     -926.102978;     -926.022546;     -926.022183;     -0.21
         9;          4.5;      8;     18.26;      9.26;     617.94;    0.090996;     -926.113824;     -926.022828;     -926.022229;     -0.37
        10;          5.0;      8;     18.23;      9.17;     688.53;    0.101390;     -926.124552;     -926.023162;     -926.022275;     -0.53
        11;          5.5;      8;     18.31;      9.14;     754.47;    0.111100;     -926.134563;     -926.023462;     -926.022240;     -0.40
        12;          6.0;      7;     16.60;      9.15;     819.29;    0.120646;     -926.144399;     -926.023753;     -926.022146;     -0.09
        13;          6.5;      9;     19.70;      9.11;     891.81;    0.131325;     -926.155446;     -926.024121;     -926.022076;      0.15
        14;          7.0;     10;     21.16;      9.11;     978.63;    0.144110;     -926.168743;     -926.024633;     -926.022086;      0.12
        15;          7.5;      9;     19.78;      9.02;    1078.76;    0.158854;     -926.184147;     -926.025292;     -926.022169;     -0.17
        16;          8.0;      9;     19.84;      9.08;    1183.92;    0.174340;     -926.200397;     -926.026057;     -926.022279;     -0.54
        17;          8.5;      9;     19.74;      9.01;    1283.01;    0.188932;     -926.215798;     -926.026866;     -926.022361;     -0.82
        18;          9.0;      9;     19.78;      9.01;    1367.61;    0.201389;     -926.229059;     -926.027670;     -926.022375;     -0.86
        19;          9.5;      9;     19.75;      8.97;    1436.03;    0.211465;     -926.239913;     -926.028448;     -926.022313;     -0.65
        20;         10.0;      9;     19.68;      9.02;    1494.02;    0.220005;     -926.249229;     -926.029225;     -926.022206;     -0.29
        21;         10.5;      9;     19.75;      9.02;    1551.37;    0.228449;     -926.258510;     -926.030061;     -926.022116;      0.02
        22;         11.0;      9;     19.52;      8.95;    1615.88;    0.237949;     -926.268964;     -926.031015;     -926.022096;      0.08
        23;         11.5;      7;     16.21;      8.91;    1688.60;    0.248657;     -926.280756;     -926.032099;     -926.022153;     -0.11
        24;         12.0;      9;     19.33;      8.94;    1763.18;    0.259640;     -926.292922;     -926.033282;     -926.022253;     -0.45
        25;         12.5;      9;     19.34;      8.82;    1829.50;    0.269406;     -926.303912;     -926.034506;     -926.022346;     -0.76
        26;         13.0;      9;     19.33;      8.83;    1878.79;    0.276665;     -926.312385;     -926.035720;     -926.022391;     -0.92
        27;         13.5;      9;     19.45;      8.89;    1907.89;    0.280949;     -926.317835;     -926.036886;     -926.022367;     -0.84
        28;         14.0;      9;     19.28;      8.79;    1920.85;    0.282858;     -926.320865;     -926.038007;     -926.022289;     -0.57
        29;         14.5;      9;     19.34;      8.88;    1927.15;    0.283786;     -926.322907;     -926.039121;     -926.022199;     -0.27
        30;         15.0;      9;     19.18;      8.82;    1937.33;    0.285285;     -926.325559;     -926.040274;     -926.022140;     -0.07
        31;         15.5;      9;     18.95;      8.62;    1958.31;    0.288374;     -926.329878;     -926.041504;     -926.022143;     -0.08
        32;         16.0;      9;     18.81;      8.64;    1990.59;    0.293127;     -926.335941;     -926.042813;     -926.022201;     -0.27
        33;         16.5;      9;     18.88;      8.60;    2028.56;    0.298719;     -926.342900;     -926.044181;     -926.022290;     -0.57
        34;         17.0;      9;     18.86;      8.59;    2063.35;    0.303842;     -926.349405;     -926.045564;     -926.022368;     -0.84
        35;         17.5;      9;     18.78;      8.55;    2086.88;    0.307307;     -926.354226;     -926.046919;     -926.022401;     -0.95
        36;         18.0;      9;     18.79;      8.56;    2095.49;    0.308574;     -926.356792;     -926.048218;     -926.022371;     -0.85
        37;         18.5;      9;     18.72;      8.46;    2091.69;    0.308015;     -926.357476;     -926.049461;     -926.022288;     -0.57
        38;         19.0;      7;     15.57;      8.47;    2082.92;    0.306724;     -926.357414;     -926.050690;     -926.022198;     -0.26
        39;         19.5;      9;     18.47;      8.45;    2077.06;    0.305860;     -926.357823;     -926.051963;     -926.022156;     -0.12
        40;         20.0;      9;     18.47;      8.46;    2077.25;    0.305889;     -926.359196;     -926.053307;     -926.022185;     -0.22
        41;         20.5;      7;     15.54;      8.48;    2080.22;    0.306326;     -926.361018;     -926.054691;     -926.022252;     -0.45
        42;         21.0;      9;     18.53;      8.42;    2079.20;    0.306176;     -926.362239;     -926.056063;     -926.022307;     -0.63
        43;         21.5;      9;     18.60;      8.42;    2068.84;    0.304650;     -926.362035;     -926.057385;     -926.022320;     -0.68
        44;         22.0;      8;     17.05;      8.37;    2048.44;    0.301646;     -926.360294;     -926.058648;     -926.022290;     -0.57
        45;         22.5;      9;     18.48;      8.39;    2022.14;    0.297773;     -926.357640;     -926.059867;     -926.022234;     -0.39
        46;         23.0;      9;     18.37;      8.28;    1997.08;    0.294083;     -926.355147;     -926.061064;     -926.022175;     -0.19
        47;         23.5;      9;     18.28;      8.26;    1980.70;    0.291671;     -926.353941;     -926.062270;     -926.022138;     -0.06
        48;         24.0;      9;     18.14;      8.28;    1977.87;    0.291255;     -926.354771;     -926.063516;     -926.022142;     -0.07
        49;         24.5;      8;     16.80;      8.34;    1988.87;    0.292874;     -926.357688;     -926.064815;     -926.022191;     -0.24
        50;         25.0;      9;     18.20;      8.27;    2009.03;    0.295843;     -926.362000;     -926.066156;     -926.022268;     -0.50
        51;         25.5;      9;     18.29;      8.25;    2030.53;    0.299009;     -926.366523;     -926.067513;     -926.022344;     -0.76
        52;         26.0;      9;     18.27;      8.17;    2045.36;    0.301193;     -926.370045;     -926.068852;     -926.022391;     -0.92
        53;         26.5;      9;     18.14;      8.20;    2048.44;    0.301647;     -926.371788;     -926.070142;     -926.022387;     -0.91
        54;         27.0;      9;     18.11;      8.28;    2039.78;    0.300371;     -926.371742;     -926.071372;     -926.022330;     -0.71
        55;         27.5;      7;     15.26;      8.22;    2024.50;    0.298121;     -926.370684;     -926.072563;     -926.022245;     -0.42
        56;         28.0;      9;     18.12;      8.18;    2010.11;    0.296003;     -926.369768;     -926.073766;     -926.022182;     -0.21
        57;         28.5;     10;     19.35;      8.19;    2001.86;    0.294787;     -926.369811;     -926.075024;     -926.022181;     -0.21
        58;         29.0;      8;     16.56;      8.22;    1999.08;    0.294377;     -926.370717;     -926.076340;     -926.022240;     -0.40
        59;         29.5;     10;     19.65;      8.35;    1995.62;    0.293868;     -926.371533;     -926.077665;     -926.022311;     -0.65
        60;         30.0;      7;     15.42;      8.29;    1984.33;    0.292206;     -926.371147;     -926.078941;     -926.022340;     -0.74
        61;         30.5;      9;     18.21;      8.18;    1962.13;    0.288936;     -926.369079;     -926.080143;     -926.022311;     -0.65
        62;         31.0;      9;     18.01;      8.19;    1931.74;    0.284461;     -926.365752;     -926.081291;     -926.022252;     -0.45
        63;         31.5;      9;     18.06;      8.24;    1899.31;    0.279686;     -926.362111;     -926.082425;     -926.022204;     -0.28
        64;         32.0;      9;     18.05;      8.15;    1870.53;    0.275448;     -926.359018;     -926.083570;     -926.022186;     -0.22
        65;         32.5;      7;     14.99;      8.09;    1848.39;    0.272187;     -926.356911;     -926.084724;     -926.022194;     -0.25
        66;         33.0;      7;     14.95;      8.17;    1832.94;    0.269912;     -926.355799;     -926.085887;     -926.022222;     -0.35
        67;         33.5;      9;     17.85;      8.12;    1821.89;    0.268285;     -926.355341;     -926.087056;     -926.022266;     -0.49
        68;         34.0;      9;     17.94;      8.11;    1811.25;    0.266719;     -926.354941;     -926.088222;     -926.022313;     -0.65
        69;         34.5;      9;     17.78;      8.05;    1796.43;    0.264536;     -926.353905;     -926.089369;     -926.022353;     -0.79
        70;         35.0;      9;     18.03;      8.32;    1773.74;    0.261195;     -926.351666;     -926.090471;     -926.022365;     -0.83
        71;         35.5;      9;     18.28;      8.24;    1742.27;    0.256560;     -926.348071;     -926.091511;     -926.022337;     -0.73
        72;         36.0;      9;     18.05;      8.13;    1704.85;    0.251050;     -926.343541;     -926.092491;     -926.022277;     -0.53
        73;         36.5;      9;     17.80;      8.11;    1667.33;    0.245525;     -926.338963;     -926.093438;     -926.022213;     -0.31
        74;         37.0;      9;     17.69;      8.03;    1635.68;    0.240864;     -926.335262;     -926.094398;     -926.022184;     -0.22
        75;         37.5;      8;     16.20;      8.06;    1612.47;    0.237447;     -926.332841;     -926.095394;     -926.022210;     -0.30
        76;         38.0;      8;     16.26;      8.06;    1595.21;    0.234906;     -926.331318;     -926.096413;     -926.022270;     -0.51
        77;         38.5;      9;     17.75;      8.06;    1578.32;    0.232418;     -926.329823;     -926.097405;     -926.022316;     -0.66
        78;         39.0;      9;     17.71;      7.98;    1557.56;    0.229361;     -926.327692;     -926.098331;     -926.022311;     -0.65
        79;         39.5;      9;     17.63;      8.00;    1533.62;    0.225835;     -926.325025;     -926.099190;     -926.022257;     -0.46
        80;         40.0;      9;     17.62;      8.05;    1511.83;    0.222626;     -926.322650;     -926.100024;     -926.022195;     -0.25
        81;         40.5;      8;     16.19;      7.96;    1498.32;    0.220638;     -926.321518;     -926.100881;     -926.022165;     -0.15
        82;         41.0;      9;     17.41;      7.97;    1496.15;    0.220319;     -926.322096;     -926.101777;     -926.022176;     -0.19
        83;         41.5;      9;     17.33;      7.91;    1504.28;    0.221516;     -926.324219;     -926.102703;     -926.022210;     -0.31
        84;         42.0;      8;     15.90;      7.92;    1519.05;    0.223690;     -926.327336;     -926.103646;     -926.022252;     -0.44
        85;         42.5;     10;     18.54;      8.02;    1535.92;    0.226175;     -926.330774;     -926.104599;     -926.022290;     -0.58
        86;         43.0;      9;     17.31;      7.91;    1550.62;    0.228339;     -926.333894;     -926.105555;     -926.022321;     -0.68
        87;         43.5;      9;     17.29;      7.85;    1559.85;    0.229698;     -926.336198;     -926.106500;     -926.022334;     -0.72
        88;         44.0;      9;     17.10;      7.85;    1562.34;    0.230065;     -926.337484;     -926.107420;     -926.022319;     -0.67
        89;         44.5;      9;     17.15;      7.84;    1559.60;    0.229662;     -926.337972;     -926.108310;     -926.022278;     -0.53
        90;         45.0;      9;     17.05;      7.79;    1555.72;    0.229090;     -926.338280;     -926.109190;     -926.022228;     -0.37
        91;         45.5;      9;     16.98;      7.83;    1555.39;    0.229042;     -926.339133;     -926.110091;     -926.022200;     -0.27
        92;         46.0;      7;     14.14;      7.72;    1561.10;    0.229883;     -926.340925;     -926.111043;     -926.022218;     -0.33
        93;         46.5;      8;     15.50;      7.72;    1570.80;    0.231311;     -926.343358;     -926.112047;     -926.022282;     -0.55
        94;         47.0;      9;     16.78;      7.68;    1578.26;    0.232410;     -926.345477;     -926.113067;     -926.022357;     -0.80
        95;         47.5;      9;     16.85;      7.78;    1576.63;    0.232169;     -926.346216;     -926.114047;     -926.022391;     -0.92
        96;         48.0;      8;     15.52;      7.68;    1562.97;    0.230158;     -926.345110;     -926.114953;     -926.022363;     -0.82
        97;         48.5;      8;     15.57;      7.64;    1540.32;    0.226822;     -926.342628;     -926.115805;     -926.022298;     -0.60
        98;         49.0;      9;     16.70;      7.72;    1515.16;    0.223117;     -926.339770;     -926.116653;     -926.022246;     -0.43
        99;         49.5;      8;     15.48;      7.69;    1492.84;    0.219831;     -926.337351;     -926.117520;     -926.022230;     -0.37
       100;         50.0;      9;     16.70;      7.60;    1475.30;    0.217248;     -926.335642;     -926.118394;     -926.022235;     -0.39
       101;         50.5;      7;     13.86;      7.52;    1462.17;    0.215314;     -926.334576;     -926.119261;     -926.022242;     -0.41
       102;         51.0;      7;     13.81;      7.50;    1452.57;    0.213901;     -926.334019;     -926.120118;     -926.022246;     -0.43
       103;         51.5;      9;     16.36;      7.49;    1445.71;    0.212891;     -926.333864;     -926.120973;     -926.022253;     -0.45
       104;         52.0;      9;     16.38;      7.47;    1440.78;    0.212164;     -926.333987;     -926.121823;     -926.022259;     -0.47
       105;         52.5;      9;     16.34;      7.46;    1437.17;    0.211633;     -926.334291;     -926.122658;     -926.022252;     -0.45
       106;         53.0;      9;     16.30;      7.42;    1436.11;    0.211476;     -926.334912;     -926.123436;     -926.022190;     -0.24
       107;         53.5;      8;     14.99;      7.42;    1438.85;    0.211880;     -926.336279;     -926.124399;     -926.022310;     -0.64
       108;         54.0;      8;     14.99;      7.41;    1445.39;    0.212843;     -926.338019;     -926.125176;     -926.022240;     -0.41
       109;         54.5;      8;     14.89;      7.36;    1457.07;    0.214564;     -926.340601;     -926.126038;     -926.022245;     -0.42
       110;         55.0;      7;     13.45;      7.34;    1473.91;    0.217043;     -926.343986;     -926.126944;     -926.022282;     -0.55
       111;         55.5;      7;     13.54;      7.34;    1492.21;    0.219738;     -926.347617;     -926.127878;     -926.022335;     -0.73
       112;         56.0;      9;     16.01;      7.42;    1507.04;    0.221922;     -926.350732;     -926.128810;     -926.022373;     -0.86
       113;         56.5;      8;     15.04;      7.45;    1515.00;    0.223094;     -926.352804;     -926.129711;     -926.022375;     -0.86
       114;         57.0;      9;     16.27;      7.44;    1516.16;    0.223265;     -926.353848;     -926.130583;     -926.022347;     -0.77
       115;         57.5;      9;     16.06;      7.44;    1513.29;    0.222843;     -926.354297;     -926.131454;     -926.022321;     -0.68
       116;         58.0;      8;     14.77;      7.25;    1509.17;    0.222235;     -926.354576;     -926.132341;     -926.022312;     -0.65
       117;         58.5;      9;     15.73;      7.18;    1504.91;    0.221609;     -926.354844;     -926.133235;     -926.022315;     -0.66
       118;         59.0;      9;     15.67;      7.19;    1500.47;    0.220953;     -926.355077;     -926.134123;     -926.022315;     -0.66
       119;         59.5;      8;     14.34;      7.19;    1495.76;    0.220260;     -926.355264;     -926.135004;     -926.022310;     -0.64
       120;         60.0;      8;     14.35;      7.10;    1490.98;    0.219557;     -926.355440;     -926.135883;     -926.022309;     -0.64
       121;         60.5;      9;     15.52;      7.15;    1486.09;    0.218836;     -926.355602;     -926.136766;     -926.022313;     -0.65
       122;         61.0;      9;     15.43;      7.09;    1480.52;    0.218016;     -926.355661;     -926.137645;     -926.022319;     -0.67
       123;         61.5;      8;     14.18;      7.07;    1473.71;    0.217014;     -926.355524;     -926.138511;     -926.022317;     -0.67
       124;         62.0;      8;     14.31;      7.04;    1465.95;    0.215870;     -926.355228;     -926.139357;     -926.022300;     -0.61
       125;         62.5;      8;     14.12;      7.03;    1458.68;    0.214800;     -926.354993;     -926.140193;     -926.022279;     -0.54
       126;         63.0;      9;     15.32;      6.93;    1453.81;    0.214083;     -926.355119;     -926.141036;     -926.022268;     -0.50
       127;         63.5;      7;     12.66;      6.96;    1452.26;    0.213855;     -926.355756;     -926.141901;     -926.022280;     -0.54
       128;         64.0;      7;     12.62;      6.95;    1452.72;    0.213923;     -926.356712;     -926.142789;     -926.022315;     -0.66
       129;         64.5;      9;     15.03;      6.90;    1452.00;    0.213817;     -926.357496;     -926.143678;     -926.022352;     -0.79
       130;         65.0;      9;     15.02;      6.84;    1446.94;    0.213072;     -926.357615;     -926.144543;     -926.022368;     -0.84
       131;         65.5;      9;     14.99;      6.81;    1436.64;    0.211554;     -926.356924;     -926.145370;     -926.022354;     -0.79
       132;         66.0;      9;     14.94;      6.78;    1422.89;    0.209530;     -926.355707;     -926.146177;     -926.022330;     -0.71
       133;         66.5;      8;     13.69;      6.76;    1408.42;    0.207400;     -926.354386;     -926.146987;     -926.022319;     -0.67
       134;         67.0;      8;     13.68;      6.93;    1394.74;    0.205385;     -926.353185;     -926.147800;     -926.022322;     -0.68
       135;         67.5;      9;     14.90;      6.73;    1382.03;    0.203513;     -926.352114;     -926.148601;     -926.022323;     -0.69
       136;         68.0;      9;     14.72;      6.74;    1370.36;    0.201795;     -926.351181;     -926.149386;     -926.022316;     -0.66
       137;         68.5;      7;     12.28;      6.71;    1360.40;    0.200328;     -926.350491;     -926.150163;     -926.022308;     -0.64
       138;         69.0;      7;     12.38;      6.72;    1352.85;    0.199216;     -926.350158;     -926.150943;     -926.022309;     -0.64
       139;         69.5;      9;     14.64;      6.66;    1347.57;    0.198439;     -926.350169;     -926.151730;     -926.022321;     -0.68
       140;         70.0;      9;     14.80;      6.64;    1343.41;    0.197826;     -926.350347;     -926.152520;     -926.022339;     -0.74
       141;         70.5;      9;     14.58;      6.72;    1338.69;    0.197131;     -926.350434;     -926.153302;     -926.022352;     -0.79
       142;         71.0;      9;     14.74;      6.71;    1332.15;    0.196168;     -926.350237;     -926.154069;     -926.022355;     -0.80
       143;         71.5;      8;     13.71;      6.72;    1323.55;    0.194902;     -926.349722;     -926.154820;     -926.022349;     -0.78
       144;         72.0;      9;     14.55;      6.61;    1313.62;    0.193439;     -926.349000;     -926.155562;     -926.022340;     -0.75
       145;         72.5;      7;     12.12;      6.59;    1303.34;    0.191926;     -926.348228;     -926.156301;     -926.022338;     -0.74
       146;         73.0;      9;     14.33;      6.55;    1293.30;    0.190447;     -926.347488;     -926.157041;     -926.022342;     -0.75
       147;         73.5;      7;     12.02;      6.63;    1283.45;    0.188997;     -926.346772;     -926.157775;     -926.022349;     -0.77
       148;         74.0;      8;     13.17;      6.55;    1273.54;    0.187537;     -926.346038;     -926.158500;     -926.022354;     -0.79
       149;         74.5;      9;     14.44;      6.55;    1263.19;    0.186014;     -926.345235;     -926.159221;     -926.022361;     -0.82
       150;         75.0;      8;     13.19;      6.51;    1251.66;    0.184316;     -926.344251;     -926.159935;     -926.022372;     -0.85
       151;         75.5;      8;     13.15;      6.47;    1238.07;    0.182313;     -926.342942;     -926.160629;     -926.022371;     -0.85
       152;         76.0;      8;     13.09;      6.47;    1222.53;    0.180026;     -926.341316;     -926.161290;     -926.022350;     -0.78
       153;         76.5;      9;     14.18;      6.48;    1207.07;    0.177749;     -926.339676;     -926.161927;     -926.022316;     -0.66
       154;         77.0;      7;     11.87;      6.48;    1194.91;    0.175959;     -926.338520;     -926.162561;     -926.022287;     -0.57
       155;         77.5;      8;     12.96;      6.44;    1188.74;    0.175050;     -926.338263;     -926.163213;     -926.022282;     -0.55
       156;         78.0;      7;     11.87;      6.44;    1189.08;    0.175099;     -926.338989;     -926.163890;     -926.022300;     -0.61
       157;         78.5;      8;     12.99;      6.42;    1193.94;    0.175815;     -926.340402;     -926.164587;     -926.022336;     -0.73
       158;         79.0;      9;     14.01;      6.40;    1199.70;    0.176664;     -926.341952;     -926.165289;     -926.022372;     -0.85
       159;         79.5;      8;     12.89;      6.38;    1202.70;    0.177105;     -926.343082;     -926.165977;     -926.022392;     -0.92
       160;         80.0;      8;     12.84;      6.37;    1200.87;    0.176835;     -926.343474;     -926.166639;     -926.022387;     -0.91
       161;         80.5;      8;     12.89;      6.38;    1194.75;    0.175935;     -926.343207;     -926.167273;     -926.022359;     -0.81
       162;         81.0;      9;     14.02;      6.43;    1187.28;    0.174835;     -926.342727;     -926.167892;     -926.022322;     -0.68
       163;         81.5;      9;     13.94;      6.47;    1182.31;    0.174103;     -926.342622;     -926.168519;     -926.022296;     -0.59
       164;         82.0;      7;     11.77;      6.58;    1182.53;    0.174135;     -926.343308;     -926.169173;     -926.022297;     -0.60
       165;         82.5;      9;     14.31;      6.58;    1187.87;    0.174922;     -926.344781;     -926.169860;     -926.022327;     -0.70
       166;         83.0;      9;     14.37;      6.48;    1195.38;    0.176028;     -926.346596;     -926.170568;     -926.022373;     -0.86
       167;         83.5;      9;     14.21;      6.36;    1200.31;    0.176753;     -926.348032;     -926.171278;     -926.022417;     -1.01
       168;         84.0;      8;     12.84;      6.27;    1198.13;    0.176433;     -926.348395;     -926.171962;     -926.022435;     -1.07
       169;         84.5;      8;     12.76;      6.26;    1186.89;    0.174777;     -926.347372;     -926.172596;     -926.022413;     -0.99
       170;         85.0;      9;     13.68;      6.26;    1168.66;    0.172092;     -926.345273;     -926.173181;     -926.022356;     -0.80
       171;         85.5;      9;     13.71;      6.22;    1148.94;    0.169189;     -926.342936;     -926.173747;     -926.022293;     -0.59
       172;         86.0;      9;     13.63;      6.21;    1133.83;    0.166963;     -926.341293;     -926.174329;     -926.022259;     -0.47
       173;         86.5;      9;     13.54;      6.21;    1126.77;    0.165924;     -926.340874;     -926.174950;     -926.022267;     -0.50
       174;         87.0;      7;     11.41;      6.18;    1127.11;    0.165974;     -926.341579;     -926.175605;     -926.022310;     -0.64
       175;         87.5;      9;     13.52;      6.21;    1130.76;    0.166512;     -926.342787;     -926.176275;     -926.022366;     -0.83
       176;         88.0;      8;     12.44;      6.13;    1132.36;    0.166747;     -926.343684;     -926.176937;     -926.022411;     -0.99
       177;         88.5;      8;     12.44;      6.12;    1127.64;    0.166053;     -926.343620;     -926.177567;     -926.022429;     -1.05
       178;         89.0;      8;     12.35;      6.15;    1115.21;    0.164223;     -926.342376;     -926.178153;     -926.022412;     -0.99
       179;         89.5;      8;     12.25;      6.11;    1097.33;    0.161589;     -926.340284;     -926.178695;     -926.022364;     -0.83
       180;         90.0;     10;     14.21;      6.08;    1079.28;    0.158932;     -926.338145;     -926.179214;     -926.022306;     -0.63
       181;         90.5;      9;     13.13;      6.12;    1067.27;    0.157163;     -926.336905;     -926.179742;     -926.022267;     -0.50
       182;         91.0;      9;     13.16;      6.15;    1065.37;    0.156882;     -926.337195;     -926.180312;     -926.022271;     -0.51
       183;         91.5;      6;      9.92;      6.10;    1073.18;    0.158032;     -926.338965;     -926.180933;     -926.022319;     -0.67
       184;         92.0;      8;     12.05;      6.06;    1085.51;    0.159849;     -926.341436;     -926.181587;     -926.022392;     -0.92
       185;         92.5;      8;     12.04;      6.04;    1094.73;    0.161207;     -926.343444;     -926.182237;     -926.022454;     -1.13
       186;         93.0;      8;     12.09;      6.07;    1094.69;    0.161200;     -926.344038;     -926.182838;     -926.022467;     -1.18
       187;         93.5;      8;     12.03;      6.02;    1084.06;    0.159636;     -926.343009;     -926.183373;     -926.022422;     -1.02
       188;         94.0;      8;     12.17;      6.05;    1067.26;    0.157161;     -926.341023;     -926.183862;     -926.022343;     -0.75
       189;         94.5;      9;     13.07;      6.01;    1052.01;    0.154916;     -926.339264;     -926.184348;     -926.022272;     -0.51
       190;         95.0;      7;     10.99;      6.01;    1045.26;    0.153922;     -926.338793;     -926.184871;     -926.022244;     -0.42
       191;         95.5;      7;     10.99;      6.03;    1049.66;    0.154569;     -926.340021;     -926.185452;     -926.022270;     -0.51
       192;         96.0;      8;     12.08;      6.01;    1062.52;    0.156464;     -926.342543;     -926.186080;     -926.022334;     -0.72
       193;         96.5;      8;     12.06;      5.97;    1077.38;    0.158651;     -926.345378;     -926.186728;     -926.022406;     -0.97
       194;         97.0;      8;     12.04;      5.98;    1086.87;    0.160048;     -926.347412;     -926.187364;     -926.022460;     -1.15
       195;         97.5;      9;     13.07;      5.98;    1085.66;    0.159871;     -926.347832;     -926.187961;     -926.022476;     -1.21
       196;         98.0;      9;     12.98;      5.95;    1072.52;    0.157936;     -926.346438;     -926.188501;     -926.022445;     -1.10
       197;         98.5;      9;     12.98;      5.93;    1051.11;    0.154783;     -926.343769;     -926.188986;     -926.022374;     -0.86
       198;         99.0;      9;     12.92;      5.94;    1029.05;    0.151535;     -926.340978;     -926.189443;     -926.022292;     -0.58
       199;         99.5;      7;     11.01;      5.92;    1014.86;    0.149445;     -926.339368;     -926.189922;     -926.022242;     -0.41
       200;        100.0;      9;     12.95;      6.01;    1013.52;    0.149248;     -926.339714;     -926.190466;     -926.022257;     -0.46
       201;        100.5;      9;     13.10;      6.02;    1023.37;    0.150697;     -926.341776;     -926.191079;     -926.022334;     -0.73
       202;        101.0;      9;     13.08;      5.99;    1036.64;    0.152653;     -926.344371;     -926.191719;     -926.022430;     -1.05
       203;        101.5;      9;     13.01;      5.98;    1043.80;    0.153707;     -926.346036;     -926.192329;     -926.022490;     -1.25
       204;        102.0;      9;     12.83;      5.88;    1038.77;    0.152966;     -926.345835;     -926.192869;     -926.022483;     -1.23
       205;        102.5;      9;     12.87;      5.87;    1022.21;    0.150527;     -926.343861;     -926.193334;     -926.022413;     -0.99
       206;        103.0;      9;     12.78;      5.87;    1001.00;    0.147405;     -926.341163;     -926.193759;     -926.022319;     -0.67
       207;        103.5;      7;     10.67;      5.87;     984.60;    0.144989;     -926.339184;     -926.194195;     -926.022249;     -0.44
       208;        104.0;      8;     11.69;      5.85;     980.04;    0.144318;     -926.339004;     -926.194686;     -926.022237;     -0.40
       209;        104.5;      7;     10.63;      5.90;     988.67;    0.145588;     -926.340830;     -926.195242;     -926.022283;     -0.55
       210;        105.0;      8;     11.94;      5.90;    1005.90;    0.148125;     -926.343969;     -926.195844;     -926.022363;     -0.82
       211;        105.5;      8;     11.76;      5.87;    1023.75;    0.150753;     -926.347212;     -926.196458;     -926.022441;     -1.09
       212;        106.0;      8;     11.76;      5.82;    1034.30;    0.152308;     -926.349359;     -926.197051;     -926.022491;     -1.26
       213;        106.5;      9;     12.68;      5.82;    1032.69;    0.152070;     -926.349667;     -926.197597;     -926.022494;     -1.27
       214;        107.0;      9;     12.63;      5.80;    1018.99;    0.150053;     -926.348133;     -926.198080;     -926.022446;     -1.10
       215;        107.5;      9;     12.78;      5.82;     998.60;    0.147051;     -926.345561;     -926.198511;     -926.022360;     -0.81
       216;        108.0;      7;     10.59;      5.82;     980.44;    0.144377;     -926.343308;     -926.198931;     -926.022277;     -0.53
       217;        108.5;      7;     10.59;      5.88;     972.74;    0.143242;     -926.342642;     -926.199400;     -926.022247;     -0.43
       218;        109.0;      8;     11.64;      5.81;     978.20;    0.144047;     -926.343996;     -926.199949;     -926.022295;     -0.59
       219;        109.5;      9;     12.62;      5.81;     991.94;    0.146069;     -926.346629;     -926.200560;     -926.022393;     -0.93
       220;        110.0;      9;     12.60;      5.81;    1004.07;    0.147856;     -926.349027;     -926.201171;     -926.022484;     -1.23
       221;        110.5;      9;     12.55;      5.78;    1005.49;    0.148065;     -926.349791;     -926.201726;     -926.022516;     -1.34
       222;        111.0;      9;     12.55;      5.75;     992.84;    0.146202;     -926.348403;     -926.202200;     -926.022478;     -1.21
       223;        111.5;      9;     12.64;      5.73;     969.96;    0.142833;     -926.345443;     -926.202610;     -926.022392;     -0.92
       224;        112.0;      9;     12.54;      5.76;     945.57;    0.139241;     -926.342238;     -926.202997;     -926.022302;     -0.61
       225;        112.5;      7;     10.49;      5.73;     928.93;    0.136790;     -926.340200;     -926.203409;     -926.022248;     -0.43
       226;        113.0;      7;     10.42;      5.76;     925.60;    0.136301;     -926.340178;     -926.203876;     -926.022252;     -0.45
       227;        113.5;      8;     11.52;      5.72;     935.32;    0.137732;     -926.342134;     -926.204402;     -926.022308;     -0.64
       228;        114.0;      8;     11.52;      5.71;     952.55;    0.140269;     -926.345233;     -926.204964;     -926.022387;     -0.91
       229;        114.5;      8;     11.59;      5.83;     969.28;    0.142732;     -926.348262;     -926.205530;     -926.022457;     -1.14
       230;        115.0;      9;     12.67;      5.83;     978.34;    0.144066;     -926.350135;     -926.206068;     -926.022494;     -1.27
       231;        115.5;      9;     12.73;      5.83;     976.07;    0.143732;     -926.350289;     -926.206557;     -926.022483;     -1.23
       232;        116.0;      9;     12.83;      5.79;     963.70;    0.141911;     -926.348902;     -926.206991;     -926.022425;     -1.04
       233;        116.5;      9;     12.67;      5.82;     947.02;    0.139455;     -926.346844;     -926.207389;     -926.022345;     -0.76
       234;        117.0;      7;     10.62;      5.80;     933.93;    0.137527;     -926.345323;     -926.207796;     -926.022283;     -0.55
       235;        117.5;      9;     12.55;      5.71;     930.14;    0.136970;     -926.345230;     -926.208260;     -926.022280;     -0.54
       236;        118.0;      8;     11.47;      5.70;     935.53;    0.137763;     -926.346556;     -926.208794;     -926.022343;     -0.76
       237;        118.5;      9;     12.47;      5.69;     943.74;    0.138971;     -926.348330;     -926.209359;     -926.022432;     -1.06
       238;        119.0;      9;     12.46;      5.67;     945.99;    0.139303;     -926.349200;     -926.209897;     -926.022493;     -1.26
       239;        119.5;      9;     12.42;      5.64;     936.28;    0.137873;     -926.348242;     -926.210369;     -926.022494;     -1.27
       240;        120.0;      9;     12.44;      5.63;     914.60;    0.134680;     -926.345450;     -926.210769;     -926.022439;     -1.08
       241;        120.5;      8;     11.47;      5.66;     886.60;    0.130558;     -926.341680;     -926.211122;     -926.022358;     -0.81
       242;        121.0;      9;     12.37;      5.75;     860.63;    0.126734;     -926.338202;     -926.211468;     -926.022289;     -0.57
       243;        121.5;      9;     12.29;      5.65;     843.86;    0.124264;     -926.336107;     -926.211842;     -926.022261;     -0.48
       244;        122.0;      9;     12.23;      5.61;     839.35;    0.123599;     -926.335861;     -926.212262;     -926.022281;     -0.55
       245;        122.5;      9;     12.29;      5.62;     845.07;    0.124442;     -926.337165;     -926.212723;     -926.022339;     -0.74
       246;        123.0;      8;     11.33;      5.62;     855.26;    0.125942;     -926.339144;     -926.213202;     -926.022407;     -0.97
       247;        123.5;      8;     11.27;      5.63;     862.98;    0.127079;     -926.340749;     -926.213670;     -926.022459;     -1.15
       248;        124.0;      8;     11.19;      5.62;     863.06;    0.127091;     -926.341192;     -926.214101;     -926.022473;     -1.20
       249;        124.5;      8;     11.21;      5.61;     854.26;    0.125795;     -926.340273;     -926.214478;     -926.022440;     -1.08
       250;        125.0;      8;     11.34;      5.57;     840.11;    0.123711;     -926.338520;     -926.214808;     -926.022370;     -0.85
       251;        125.5;      8;     11.27;      5.59;     827.60;    0.121870;     -926.336998;     -926.215128;     -926.022300;     -0.61
       252;        126.0;      7;     10.18;      5.58;     823.59;    0.121279;     -926.336769;     -926.215489;     -926.022273;     -0.52
       253;        126.5;      8;     11.24;      5.60;     830.46;    0.122290;     -926.338211;     -926.215921;     -926.022313;     -0.65
       254;        127.0;      8;     11.25;      5.63;     844.20;    0.124313;     -926.340719;     -926.216405;     -926.022394;     -0.93
       255;        127.5;      9;     12.16;      5.57;     856.74;    0.126161;     -926.343051;     -926.216890;     -926.022467;     -1.18
       256;        128.0;      9;     12.23;      5.56;     860.84;    0.126764;     -926.344095;     -926.217331;     -926.022493;     -1.26
       257;        128.5;      9;     12.24;      5.56;     853.88;    0.125740;     -926.343453;     -926.217713;     -926.022466;     -1.17
       258;        129.0;      8;     11.15;      5.54;     838.66;    0.123498;     -926.341551;     -926.218053;     -926.022406;     -0.97
       259;        129.5;      6;      9.11;      5.55;     821.30;    0.120942;     -926.339319;     -926.218377;     -926.022344;     -0.76
       260;        130.0;      8;     11.03;      5.52;     808.12;    0.119001;     -926.337715;     -926.218714;     -926.022306;     -0.63
       261;        130.5;      9;     11.94;      5.56;     803.12;    0.118265;     -926.337349;     -926.219083;     -926.022303;     -0.62
       262;        131.0;      8;     11.05;      5.58;     806.84;    0.118812;     -926.338297;     -926.219486;     -926.022330;     -0.71
       263;        131.5;      8;     10.98;      5.54;     816.54;    0.120240;     -926.340153;     -926.219912;     -926.022375;     -0.86
       264;        132.0;      8;     11.00;      5.54;     827.69;    0.121883;     -926.342228;     -926.220345;     -926.022417;     -1.01
       265;        132.5;      8;     11.23;      5.50;     835.96;    0.123100;     -926.343864;     -926.220763;     -926.022438;     -1.08
       266;        133.0;      9;     12.08;      5.50;     839.03;    0.123552;     -926.344705;     -926.221153;     -926.022429;     -1.05
       267;        133.5;      9;     12.06;      5.52;     837.73;    0.123361;     -926.344872;     -926.221511;     -926.022389;     -0.91
       268;        134.0;      9;     12.04;      5.51;     835.77;    0.123073;     -926.344928;     -926.221856;     -926.022338;     -0.74
       269;        134.5;      8;     11.06;      5.46;     837.89;    0.123385;     -926.345606;     -926.222221;     -926.022305;     -0.63
       270;        135.0;      7;     10.08;      5.51;     846.89;    0.124711;     -926.347348;     -926.222637;     -926.022316;     -0.66
       271;        135.5;      7;     10.08;      5.48;     861.32;    0.126836;     -926.349944;     -926.223108;     -926.022372;     -0.85
       272;        136.0;      9;     11.97;      5.49;     875.74;    0.128958;     -926.352559;     -926.223601;     -926.022439;     -1.08
       273;        136.5;      8;     11.09;      5.51;     883.79;    0.130144;     -926.354217;     -926.224073;     -926.022479;     -1.22
       274;        137.0;      9;     11.89;      5.46;     881.91;    0.129867;     -926.354366;     -926.224498;     -926.022474;     -1.20
       275;        137.5;      8;     10.91;      5.43;     871.10;    0.128274;     -926.353153;     -926.224879;     -926.022431;     -1.05
       276;        138.0;      8;     10.93;      5.45;     856.06;    0.126060;     -926.351295;     -926.225235;     -926.022376;     -0.87
       277;        138.5;      8;     10.93;      5.45;     842.76;    0.124101;     -926.349696;     -926.225594;     -926.022334;     -0.72
       278;        139.0;      9;     11.77;      5.48;     835.80;    0.123077;     -926.349053;     -926.225976;     -926.022319;     -0.67
       279;        139.5;      9;     11.72;      5.45;     836.77;    0.123220;     -926.349610;     -926.226390;     -926.022336;     -0.73
       280;        140.0;      9;     11.78;      5.44;     843.92;    0.124273;     -926.351105;     -926.226832;     -926.022375;     -0.87
       281;        140.5;      6;      8.91;      5.42;     853.08;    0.125622;     -926.352907;     -926.227285;     -926.022419;     -1.01
       282;        141.0;      8;     10.92;      5.53;     859.37;    0.126548;     -926.354277;     -926.227729;     -926.022450;     -1.12
       283;        141.5;      9;     12.33;      5.60;     859.29;    0.126536;     -926.354683;     -926.228147;     -926.022453;     -1.13
       284;        142.0;      9;     12.21;      5.49;     852.41;    0.125523;     -926.354047;     -926.228523;     -926.022421;     -1.02
       285;        142.5;      9;     12.03;      5.42;     842.02;    0.123993;     -926.352857;     -926.228864;     -926.022361;     -0.81
       286;        143.0;      9;     11.84;      5.42;     834.03;    0.122816;     -926.352017;     -926.229201;     -926.022302;     -0.62
       287;        143.5;      8;     10.92;      5.51;     833.92;    0.122800;     -926.352379;     -926.229580;     -926.022286;     -0.56
       288;        144.0;      9;     11.81;      5.42;     843.10;    0.124152;     -926.354176;     -926.230023;     -926.022328;     -0.70
       289;        144.5;      9;     11.81;      5.40;     857.49;    0.126270;     -926.356783;     -926.230512;     -926.022404;     -0.96
       290;        145.0;      9;     12.32;      5.37;     869.78;    0.128081;     -926.359078;     -926.230998;     -926.022468;     -1.18
       291;        145.5;      8;     10.94;      5.39;     873.99;    0.128700;     -926.360139;     -926.231439;     -926.022485;     -1.24
       292;        146.0;      8;     10.99;      5.40;     868.71;    0.127924;     -926.359754;     -926.231830;     -926.022454;     -1.13
       293;        146.5;      9;     11.88;      5.34;     857.28;    0.126240;     -926.358430;     -926.232190;     -926.022402;     -0.96
       294;        147.0;      9;     11.84;      5.36;     845.27;    0.124472;     -926.357021;     -926.232549;     -926.022358;     -0.81
       295;        147.5;      8;     10.86;      5.36;     837.54;    0.123333;     -926.356261;     -926.232928;     -926.022339;     -0.74
       296;        148.0;      7;     10.14;      5.37;     836.21;    0.123137;     -926.356474;     -926.233337;     -926.022351;     -0.78
       297;        148.5;      7;      9.90;      5.36;     840.17;    0.123720;     -926.357491;     -926.233771;     -926.022386;     -0.90
       298;        149.0;      7;      9.89;      5.37;     845.83;    0.124554;     -926.358772;     -926.234218;     -926.022428;     -1.05
       299;        149.5;      9;     11.85;      5.40;     848.71;    0.124977;     -926.359635;     -926.234657;     -926.022462;     -1.16
       300;        150.0;      8;     10.88;      5.40;     845.31;    0.124478;     -926.359548;     -926.235069;     -926.022470;     -1.19
       301;        150.5;      8;     10.94;      5.38;     834.70;    0.122916;     -926.358358;     -926.235442;     -926.022447;     -1.11
       302;        151.0;      8;     10.95;      5.38;     819.16;    0.120627;     -926.356403;     -926.235776;     -926.022397;     -0.94
       303;        151.5;      9;     11.81;      5.38;     803.63;    0.118340;     -926.354430;     -926.236091;     -926.022339;     -0.74
       304;        152.0;      8;     10.93;      5.35;     793.55;    0.116855;     -926.353278;     -926.236423;     -926.022306;     -0.63
       305;        152.5;      8;     10.82;      5.39;     791.78;    0.116595;     -926.353398;     -926.236803;     -926.022323;     -0.69
       306;        153.0;      8;     10.80;      5.34;     796.53;    0.117294;     -926.354523;     -926.237228;     -926.022380;     -0.88
       307;        153.5;      7;      9.93;      5.37;     802.15;    0.118121;     -926.355785;     -926.237663;     -926.022443;     -1.10
       308;        154.0;      9;     11.76;      5.38;     802.55;    0.118181;     -926.356249;     -926.238068;     -926.022476;     -1.21
       309;        154.5;      8;     10.92;      5.38;     794.76;    0.117034;     -926.355456;     -926.238422;     -926.022465;     -1.17
       310;        155.0;      8;     10.93;      5.34;     780.16;    0.114884;     -926.353620;     -926.238736;     -926.022423;     -1.03
       311;        155.5;      8;     10.95;      5.35;     763.24;    0.112392;     -926.351424;     -926.239033;     -926.022377;     -0.87
       312;        156.0;      8;     10.90;      5.35;     749.10;    0.110310;     -926.349642;     -926.239333;     -926.022344;     -0.76
       313;        156.5;      8;     10.90;      5.37;     741.34;    0.109168;     -926.348820;     -926.239653;     -926.022338;     -0.74
       314;        157.0;      9;     11.81;      5.57;     740.77;    0.109083;     -926.349084;     -926.240001;     -926.022360;     -0.81
       315;        157.5;      9;     12.11;      5.45;     745.18;    0.109733;     -926.350104;     -926.240371;     -926.022401;     -0.95
       316;        158.0;      8;     11.18;      5.48;     750.28;    0.110483;     -926.351233;     -926.240750;     -926.022446;     -1.11
       317;        158.5;      8;     11.25;      5.52;     751.30;    0.110634;     -926.351750;     -926.241116;     -926.022479;     -1.22
       318;        159.0;      9;     12.09;      5.45;     744.87;    0.109687;     -926.351138;     -926.241452;     -926.022485;     -1.24
       319;        159.5;      9;     12.12;      5.43;     730.42;    0.107559;     -926.349301;     -926.241742;     -926.022457;     -1.14
       320;        160.0;      9;     11.93;      5.37;     710.93;    0.104689;     -926.346676;     -926.241988;     -926.022399;     -0.94
       321;        160.5;      9;     11.88;      5.39;     692.20;    0.101931;     -926.344146;     -926.242215;     -926.022335;     -0.73
       322;        161.0;      8;     10.89;      5.36;     680.28;    0.100175;     -926.342642;     -926.242467;     -926.022307;     -0.63
       323;        161.5;      7;      9.90;      5.39;     677.74;    0.099801;     -926.342576;     -926.242775;     -926.022335;     -0.73
       324;        162.0;      9;     11.87;      5.42;     681.71;    0.100387;     -926.343510;     -926.243123;     -926.022401;     -0.95
       325;        162.5;      9;     12.01;      5.39;     685.77;    0.100985;     -926.344451;     -926.243467;     -926.022458;     -1.15
       326;        163.0;      9;     11.91;      5.36;     684.27;    0.100764;     -926.344531;     -926.243767;     -926.022474;     -1.20
       327;        163.5;      8;     10.98;      5.38;     675.68;    0.099498;     -926.343516;     -926.244018;     -926.022448;     -1.11
       328;        164.0;      8;     11.00;      5.37;     662.73;    0.097591;     -926.341832;     -926.244240;     -926.022401;     -0.95
       329;        164.5;      8;     10.95;      5.42;     650.40;    0.095776;     -926.340233;     -926.244457;     -926.022359;     -0.81
       330;        165.0;      8;     10.98;      5.36;     643.37;    0.094741;     -926.339429;     -926.244689;     -926.022336;     -0.73
       331;        165.5;      9;     11.76;      5.36;     644.15;    0.094856;     -926.339805;     -926.244950;     -926.022343;     -0.75
       332;        166.0;      7;      9.91;      5.37;     652.18;    0.096037;     -926.341281;     -926.245244;     -926.022377;     -0.87
       333;        166.5;      9;     11.85;      5.34;     664.01;    0.097779;     -926.343341;     -926.245562;     -926.022425;     -1.03
       334;        167.0;      8;     10.98;      5.37;     674.73;    0.099359;     -926.345242;     -926.245883;     -926.022468;     -1.18
       335;        167.5;      8;     10.94;      5.35;     679.97;    0.100131;     -926.346317;     -926.246186;     -926.022490;     -1.26
       336;        168.0;      8;     10.95;      5.39;     677.59;    0.099779;     -926.346236;     -926.246457;     -926.022482;     -1.23
       337;        168.5;      8;     11.03;      5.38;     668.55;    0.098449;     -926.345142;     -926.246694;     -926.022446;     -1.10
       338;        169.0;      8;     10.96;      5.40;     656.69;    0.096702;     -926.343610;     -926.246908;     -926.022396;     -0.94
       339;        169.5;      8;     10.99;      5.40;     646.99;    0.095273;     -926.342402;     -926.247128;     -926.022360;     -0.81
       340;        170.0;      7;      9.99;      5.37;     642.90;    0.094671;     -926.342054;     -926.247383;     -926.022360;     -0.81
       341;        170.5;      9;     11.74;      5.42;     644.27;    0.094873;     -926.342545;     -926.247672;     -926.022395;     -0.93
       342;        171.0;      9;     11.83;      5.44;     647.63;    0.095368;     -926.343339;     -926.247971;     -926.022437;     -1.07
       343;        171.5;      8;     10.93;      5.40;     648.74;    0.095531;     -926.343784;     -926.248253;     -926.022460;     -1.15
       344;        172.0;      8;     10.91;      5.46;     645.15;    0.095003;     -926.343509;     -926.248506;     -926.022458;     -1.15
       345;        172.5;      8;     10.96;      5.37;     637.06;    0.093812;     -926.342546;     -926.248735;     -926.022437;     -1.08
       346;        173.0;      8;     10.88;      5.36;     626.70;    0.092286;     -926.341233;     -926.248947;     -926.022408;     -0.98
       347;        173.5;      8;     10.87;      5.38;     617.34;    0.090907;     -926.340058;     -926.249151;     -926.022377;     -0.87
       348;        174.0;      8;     10.98;      5.41;     612.29;    0.090163;     -926.339525;     -926.249361;     -926.022357;     -0.80
       349;        174.5;      8;     10.86;      5.41;     613.70;    0.090372;     -926.339966;     -926.249594;     -926.022357;     -0.80
       350;        175.0;      6;      8.89;      5.38;     621.49;    0.091519;     -926.341374;     -926.249855;     -926.022381;     -0.88
       351;        175.5;      8;     10.96;      5.47;     633.13;    0.093232;     -926.343372;     -926.250140;     -926.022418;     -1.01
       352;        176.0;      8;     11.09;      5.56;     644.61;    0.094923;     -926.345355;     -926.250432;     -926.022456;     -1.14
       353;        176.5;      8;     11.06;      5.60;     652.10;    0.096027;     -926.346741;     -926.250714;     -926.022478;     -1.21
       354;        177.0;      8;     11.01;      5.40;     653.36;    0.096212;     -926.347185;     -926.250973;     -926.022475;     -1.20
       355;        177.5;      8;     10.87;      5.38;     648.65;    0.095518;     -926.346723;     -926.251205;     -926.022448;     -1.11
       356;        178.0;      8;     10.95;      5.37;     640.61;    0.094334;     -926.345753;     -926.251419;     -926.022411;     -0.99
       357;        178.5;      9;     11.96;      5.38;     632.82;    0.093187;     -926.344829;     -926.251641;     -926.022387;     -0.90
       358;        179.0;      9;     11.80;      5.41;     627.56;    0.092412;     -926.344301;     -926.251889;     -926.022392;     -0.92
       359;        179.5;      9;     11.88;      5.39;     624.32;    0.091935;     -926.344090;     -926.252156;     -926.022419;     -1.01
       360;        180.0;      8;     10.93;      5.46;     620.59;    0.091386;     -926.343804;     -926.252418;     -926.022444;     -1.10
       361;        180.5;      8;     10.92;      5.43;     613.94;    0.090407;     -926.343066;     -926.252659;     -926.022452;     -1.13
       362;        181.0;      8;     10.94;      5.40;     603.48;    0.088866;     -926.341743;     -926.252877;     -926.022446;     -1.10
       363;        181.5;      8;     10.98;      5.37;     589.89;    0.086865;     -926.339940;     -926.253075;     -926.022430;     -1.05
       364;        182.0;      7;      9.95;      5.40;     574.97;    0.084668;     -926.337924;     -926.253256;     -926.022407;     -0.97
       365;        182.5;      8;     10.90;      5.39;     561.25;    0.082648;     -926.336072;     -926.253423;     -926.022381;     -0.88
       366;        183.0;      9;     11.87;      5.47;     551.46;    0.081206;     -926.334796;     -926.253590;     -926.022362;     -0.82
       367;        183.5;      9;     11.88;      5.40;     547.47;    0.080619;     -926.334392;     -926.253773;     -926.022361;     -0.82
       368;        184.0;      8;     10.94;      5.41;     549.26;    0.080882;     -926.334859;     -926.253978;     -926.022382;     -0.89
       369;        184.5;      8;     10.95;      5.41;     554.71;    0.081685;     -926.335882;     -926.254197;     -926.022412;     -0.99
       370;        185.0;      7;      9.94;      5.41;     560.70;    0.082567;     -926.336983;     -926.254416;     -926.022438;     -1.08
       371;        185.5;      7;      9.91;      5.42;     564.61;    0.083143;     -926.337763;     -926.254620;     -926.022447;     -1.11
       372;        186.0;      8;     10.93;      5.39;     565.56;    0.083282;     -926.338087;     -926.254806;     -926.022436;     -1.07
       373;        186.5;      8;     10.89;      5.48;     564.56;    0.083135;     -926.338116;     -926.254981;     -926.022416;     -1.00
       374;        187.0;      8;     10.97;      5.40;     563.54;    0.082984;     -926.338149;     -926.255164;     -926.022404;     -0.96
       375;        187.5;      8;     10.95;      5.37;     563.74;    0.083015;     -926.338379;     -926.255364;     -926.022408;     -0.98
       376;        188.0;      9;     12.02;      5.40;     564.86;    0.083179;     -926.338755;     -926.255575;     -926.022424;     -1.03
       377;        188.5;      8;     10.93;      5.39;     565.56;    0.083282;     -926.339066;     -926.255784;     -926.022436;     -1.07
       378;        189.0;      8;     10.89;      5.42;     564.66;    0.083150;     -926.339135;     -926.255986;     -926.022441;     -1.09
       379;        189.5;      8;     10.90;      5.48;     561.55;    0.082691;     -926.338875;     -926.256184;     -926.022446;     -1.11
       380;        190.0;      8;     11.16;      5.52;     555.77;    0.081841;     -926.338220;     -926.256378;     -926.022451;     -1.12
       381;        190.5;      8;     11.24;      5.49;     547.01;    0.080551;     -926.337110;     -926.256558;     -926.022449;     -1.11
       382;        191.0;      8;     11.11;      5.39;     535.76;    0.078895;     -926.335610;     -926.256715;     -926.022431;     -1.05
       383;        191.5;      6;      8.96;      5.49;     523.95;    0.077156;     -926.334006;     -926.256851;     -926.022401;     -0.95
       384;        192.0;      8;     11.06;      5.46;     514.44;    0.075755;     -926.332739;     -926.256983;     -926.022375;     -0.86
       385;        192.5;      6;      9.02;      5.52;     509.71;    0.075059;     -926.332187;     -926.257129;     -926.022365;     -0.83
       386;        193.0;      8;     11.12;      5.34;     510.58;    0.075186;     -926.332481;     -926.257295;     -926.022375;     -0.87
       387;        193.5;      8;     10.84;      5.39;     515.84;    0.075962;     -926.333440;     -926.257479;     -926.022400;     -0.95
       388;        194.0;      8;     10.86;      5.36;     523.04;    0.077022;     -926.334689;     -926.257668;     -926.022423;     -1.03
       389;        194.5;      8;     10.90;      5.38;     529.73;    0.078007;     -926.335855;     -926.257849;     -926.022434;     -1.07
       390;        195.0;      8;     10.92;      5.39;     534.71;    0.078739;     -926.336756;     -926.258017;     -926.022429;     -1.05
       391;        195.5;      9;     11.89;      5.34;     538.35;    0.079275;     -926.337455;     -926.258180;     -926.022415;     -1.00
       392;        196.0;      6;      8.84;      5.33;     541.90;    0.079798;     -926.338147;     -926.258349;     -926.022405;     -0.97
       393;        196.5;      8;     10.82;      5.37;     546.27;    0.080441;     -926.338974;     -926.258532;     -926.022407;     -0.97
       394;        197.0;      8;     10.81;      5.34;     551.41;    0.081199;     -926.339926;     -926.258727;     -926.022416;     -1.00
       395;        197.5;      8;     10.78;      5.42;     556.62;    0.081965;     -926.340893;     -926.258927;     -926.022426;     -1.04
       396;        198.0;      8;     10.77;      5.32;     560.97;    0.082607;     -926.341738;     -926.259131;     -926.022436;     -1.07
       397;        198.5;      8;     10.84;      5.35;     563.48;    0.082976;     -926.342313;     -926.259337;     -926.022448;     -1.11
       398;        199.0;      8;     10.76;      5.31;     563.09;    0.082919;     -926.342458;     -926.259539;     -926.022455;     -1.13
       399;        199.5;      8;     10.88;      5.30;     559.28;    0.082357;     -926.342082;     -926.259725;     -926.022449;     -1.12
       400;        200.0;      8;     10.81;      5.32;     552.73;    0.081393;     -926.341285;     -926.259892;     -926.022429;     -1.05
       401;        200.5;      8;     10.80;      5.32;     545.49;    0.080328;     -926.340376;     -926.260048;     -926.022403;     -0.96
       402;        201.0;      8;     10.75;      5.34;     540.08;    0.079531;     -926.339739;     -926.260209;     -926.022386;     -0.90
       403;        201.5;      8;     10.77;      5.31;     538.13;    0.079243;     -926.339629;     -926.260386;     -926.022387;     -0.90
       404;        202.0;      8;     10.78;      5.31;     539.52;    0.079448;     -926.340028;     -926.260580;     -926.022404;     -0.96
       405;        202.5;      8;     10.76;      5.31;     542.62;    0.079904;     -926.340684;     -926.260779;     -926.022424;     -1.03
       406;        203.0;      8;     10.72;      5.34;     545.39;    0.080312;     -926.341283;     -926.260971;     -926.022434;     -1.06
       407;        203.5;      8;     10.74;      5.30;     546.84;    0.080525;     -926.341672;     -926.261146;     -926.022426;     -1.04
       408;        204.0;      8;     10.78;      5.29;     547.65;    0.080645;     -926.341956;     -926.261311;     -926.022408;     -0.98
       409;        204.5;      8;     10.73;      5.33;     549.59;    0.080931;     -926.342411;     -926.261480;     -926.022393;     -0.92
       410;        205.0;      9;     11.58;      5.31;     554.22;    0.081612;     -926.343277;     -926.261665;     -926.022390;     -0.91
       411;        205.5;      9;     11.67;      5.27;     561.94;    0.082749;     -926.344616;     -926.261867;     -926.022398;     -0.94
       412;        206.0;      8;     10.70;      5.32;     572.08;    0.084242;     -926.346324;     -926.262082;     -926.022411;     -0.99
       413;        206.5;      8;     10.67;      5.27;     583.30;    0.085895;     -926.348204;     -926.262309;     -926.022429;     -1.05
       414;        207.0;      8;     10.67;      5.28;     593.80;    0.087440;     -926.349988;     -926.262548;     -926.022450;     -1.12
       415;        207.5;      8;     10.71;      5.27;     601.46;    0.088569;     -926.351358;     -926.262789;     -926.022468;     -1.18
       416;        208.0;      8;     10.77;      5.35;     604.59;    0.089030;     -926.352048;     -926.263019;     -926.022472;     -1.19
       417;        208.5;      8;     10.93;      5.39;     602.96;    0.088789;     -926.352017;     -926.263227;     -926.022457;     -1.14
       418;        209.0;      8;     10.92;      5.38;     598.24;    0.088095;     -926.351516;     -926.263421;     -926.022430;     -1.05
       419;        209.5;      8;     10.80;      5.25;     593.19;    0.087351;     -926.350967;     -926.263616;     -926.022407;     -0.97
       420;        210.0;      8;     10.61;      5.24;     590.10;    0.086896;     -926.350722;     -926.263826;     -926.022403;     -0.96
       421;        210.5;      6;      8.67;      5.25;     589.49;    0.086807;     -926.350860;     -926.264054;     -926.022417;     -1.00
       422;        211.0;      8;     10.66;      5.25;     589.93;    0.086871;     -926.351164;     -926.264292;     -926.022440;     -1.09
       423;        211.5;      8;     10.61;      5.22;     589.02;    0.086737;     -926.351262;     -926.264525;     -926.022459;     -1.15
       424;        212.0;      8;     10.81;      5.22;     585.01;    0.086146;     -926.350881;     -926.264735;     -926.022459;     -1.15
       425;        212.5;      8;     10.60;      5.23;     578.08;    0.085127;     -926.350045;     -926.264919;     -926.022436;     -1.07
       426;        213.0;      8;     10.65;      5.21;     570.57;    0.084020;     -926.349107;     -926.265086;     -926.022404;     -0.96
       427;        213.5;      8;     10.58;      5.23;     565.79;    0.083316;     -926.348574;     -926.265258;     -926.022379;     -0.88
       428;        214.0;      8;     10.57;      5.22;     566.32;    0.083394;     -926.348843;     -926.265449;     -926.022373;     -0.86
       429;        214.5;      8;     10.59;      5.21;     572.83;    0.084352;     -926.350017;     -926.265665;     -926.022387;     -0.90
       430;        215.0;      8;     10.58;      5.22;     583.97;    0.085993;     -926.351894;     -926.265900;     -926.022412;     -0.99
       431;        215.5;      8;     10.55;      5.22;     597.09;    0.087926;     -926.354075;     -926.266149;     -926.022441;     -1.09
       432;        216.0;      8;     10.57;      5.20;     609.18;    0.089706;     -926.356106;     -926.266400;     -926.022463;     -1.16
       433;        216.5;      8;     10.61;      5.21;     617.90;    0.090990;     -926.357633;     -926.266643;     -926.022470;     -1.19
       434;        217.0;      8;     10.59;      5.22;     622.53;    0.091671;     -926.358540;     -926.266869;     -926.022458;     -1.15
       435;        217.5;      8;     10.62;      5.23;     624.29;    0.091931;     -926.359014;     -926.267083;     -926.022432;     -1.06
       436;        218.0;      8;     10.71;      5.37;     625.70;    0.092139;     -926.359439;     -926.267300;     -926.022408;     -0.98
       437;        218.5;      8;     10.75;      5.34;     629.08;    0.092637;     -926.360173;     -926.267536;     -926.022401;     -0.95
       438;        219.0;      9;     11.88;      5.34;     635.12;    0.093525;     -926.361324;     -926.267799;     -926.022416;     -1.00
       439;        219.5;      8;     11.02;      5.47;     642.29;    0.094582;     -926.362666;     -926.268084;     -926.022447;     -1.11
       440;        220.0;      8;     10.86;      5.34;     647.54;    0.095355;     -926.363728;     -926.268373;     -926.022479;     -1.22
       441;        220.5;      8;     10.72;      5.35;     647.79;    0.095392;     -926.364038;     -926.268646;     -926.022495;     -1.27
       442;        221.0;      8;     10.72;      5.21;     641.74;    0.094500;     -926.363387;     -926.268887;     -926.022483;     -1.23
       443;        221.5;      8;     10.59;      5.20;     630.79;    0.092887;     -926.361985;     -926.269097;     -926.022449;     -1.11
       444;        222.0;      8;     10.58;      5.25;     618.68;    0.091105;     -926.360397;     -926.269291;     -926.022407;     -0.97
       445;        222.5;      8;     10.58;      5.20;     609.82;    0.089800;     -926.359292;     -926.269491;     -926.022377;     -0.87
       446;        223.0;      8;     10.53;      5.19;     607.30;    0.089429;     -926.359142;     -926.269714;     -926.022372;     -0.85
       447;        223.5;      8;     10.53;      5.21;     611.67;    0.090073;     -926.360037;     -926.269964;     -926.022392;     -0.92
       448;        224.0;      8;     10.58;      5.23;     620.92;    0.091435;     -926.361671;     -926.270236;     -926.022427;     -1.04
       449;        224.5;      8;     10.65;      5.21;     631.38;    0.092975;     -926.363492;     -926.270517;     -926.022462;     -1.16
       450;        225.0;      8;     10.62;      5.32;     639.35;    0.094148;     -926.364935;     -926.270787;     -926.022482;     -1.23
       451;        225.5;      8;     10.64;      5.21;     642.76;    0.094651;     -926.365685;     -926.271033;     -926.022474;     -1.20
       452;        226.0;      8;     10.66;      5.19;     642.32;    0.094585;     -926.365841;     -926.271255;     -926.022443;     -1.09
       453;        226.5;      8;     10.57;      5.20;     641.11;    0.094407;     -926.365876;     -926.271469;     -926.022404;     -0.96
       454;        227.0;      9;     11.44;      5.21;     642.96;    0.094680;     -926.366379;     -926.271699;     -926.022380;     -0.88
       455;        227.5;      9;     11.41;      5.23;     650.20;    0.095746;     -926.367711;     -926.271965;     -926.022387;     -0.90
       456;        228.0;      9;     11.47;      5.23;     662.11;    0.097500;     -926.369770;     -926.272270;     -926.022424;     -1.03
       457;        228.5;      8;     10.75;      5.29;     675.01;    0.099399;     -926.371998;     -926.272599;     -926.022475;     -1.20
       458;        229.0;      8;     10.78;      5.30;     683.88;    0.100705;     -926.373630;     -926.272925;     -926.022517;     -1.35
       459;        229.5;      8;     10.86;      5.28;     684.68;    0.100824;     -926.374047;     -926.273223;     -926.022531;     -1.39
       460;        230.0;      8;     10.77;      5.21;     676.35;    0.099597;     -926.373076;     -926.273479;     -926.022508;     -1.32
       461;        230.5;      8;     10.62;      5.20;     661.41;    0.097397;     -926.371095;     -926.273697;     -926.022459;     -1.15
       462;        231.0;      8;     10.57;      5.19;     644.99;    0.094979;     -926.368880;     -926.273901;     -926.022407;     -0.97
       463;        231.5;      8;     10.53;      5.21;     632.46;    0.093134;     -926.367250;     -926.274117;     -926.022377;     -0.87
       464;        232.0;      8;     10.63;      5.22;     626.90;    0.092316;     -926.366679;     -926.274363;     -926.022382;     -0.89
       465;        232.5;      8;     10.66;      5.20;     627.83;    0.092452;     -926.367093;     -926.274641;     -926.022417;     -1.01
       466;        233.0;      8;     10.81;      5.20;     631.69;    0.093020;     -926.367952;     -926.274931;     -926.022462;     -1.16
       467;        233.5;      8;     10.67;      5.21;     633.89;    0.093345;     -926.368555;     -926.275210;     -926.022493;     -1.26
       468;        234.0;      8;     10.78;      5.28;     631.23;    0.092953;     -926.368410;     -926.275456;     -926.022495;     -1.27
       469;        234.5;      8;     11.07;      5.43;     623.46;    0.091808;     -926.367476;     -926.275667;     -926.022467;     -1.17
       470;        235.0;      8;     10.97;      5.45;     613.36;    0.090322;     -926.366177;     -926.275855;     -926.022422;     -1.02
       471;        235.5;      8;     11.08;      5.43;     605.38;    0.089146;     -926.365188;     -926.276042;     -926.022383;     -0.89
       472;        236.0;      7;     10.04;      5.34;     603.33;    0.088844;     -926.365098;     -926.276254;     -926.022371;     -0.85
       473;        236.5;      7;      9.85;      5.29;     608.44;    0.089597;     -926.366100;     -926.276503;     -926.022392;     -0.92
       474;        237.0;      8;     10.71;      5.22;     618.52;    0.091081;     -926.367867;     -926.276786;     -926.022439;     -1.08
       475;        237.5;      8;     10.70;      5.24;     628.78;    0.092591;     -926.369674;     -926.277083;     -926.022492;     -1.26
       476;        238.0;      9;     11.60;      5.21;     633.90;    0.093347;     -926.370713;     -926.277366;     -926.022529;     -1.39
       477;        238.5;      9;     11.67;      5.23;     630.31;    0.092818;     -926.370433;     -926.277615;     -926.022533;     -1.40
       478;        239.0;      9;     11.64;      5.26;     617.65;    0.090953;     -926.368774;     -926.277822;     -926.022505;     -1.30
       479;        239.5;      9;     11.63;      5.21;     598.93;    0.088196;     -926.366190;     -926.277994;     -926.022456;     -1.14
       480;        240.0;      9;     11.73;      5.24;     579.19;    0.085290;     -926.363444;     -926.278154;     -926.022409;     -0.98
       481;        240.5;      9;     11.64;      5.27;     563.14;    0.082926;     -926.361253;     -926.278327;     -926.022388;     -0.91
       482;        241.0;      8;     10.63;      5.29;     552.92;    0.081422;     -926.359950;     -926.278528;     -926.022401;     -0.95
       483;        241.5;      8;     10.67;      5.24;     547.20;    0.080579;     -926.359329;     -926.278750;     -926.022441;     -1.09
       484;        242.0;      8;     10.73;      5.28;     542.05;    0.079821;     -926.358793;     -926.278972;     -926.022483;     -1.23
       485;        242.5;      8;     10.69;      5.31;     533.25;    0.078524;     -926.357691;     -926.279167;     -926.022506;     -1.31
       486;        243.0;      8;     10.91;      5.32;     518.60;    0.076368;     -926.355686;     -926.279318;     -926.022495;     -1.27
       487;        243.5;      8;     10.85;      5.37;     499.26;    0.073520;     -926.352946;     -926.279426;     -926.022456;     -1.14
       488;        244.0;      8;     10.98;      5.31;     479.38;    0.070592;     -926.350098;     -926.279506;     -926.022403;     -0.96
       489;        244.5;      8;     10.62;      5.25;     464.41;    0.068387;     -926.347973;     -926.279586;     -926.022361;     -0.82
       490;        245.0;      9;     11.52;      5.26;     458.60;    0.067532;     -926.347225;     -926.279693;     -926.022351;     -0.78
       491;        245.5;      7;      9.77;      5.24;     462.86;    0.068159;     -926.348003;     -926.279844;     -926.022381;     -0.89
       492;        246.0;      8;     10.68;      5.25;     474.04;    0.069806;     -926.349837;     -926.280030;     -926.022439;     -1.08
       493;        246.5;      8;     10.71;      5.24;     486.26;    0.071606;     -926.351832;     -926.280227;     -926.022497;     -1.28
       494;        247.0;      8;     10.67;      5.29;     493.57;    0.072682;     -926.353085;     -926.280403;     -926.022530;     -1.39
       495;        247.5;      8;     10.69;      5.25;     492.61;    0.072539;     -926.353080;     -926.280540;     -926.022525;     -1.37
       496;        248.0;      8;     10.67;      5.31;     483.88;    0.071255;     -926.351894;     -926.280638;     -926.022487;     -1.24
       497;        248.5;      8;     10.94;      5.45;     471.25;    0.069395;     -926.350111;     -926.280716;     -926.022438;     -1.08
       498;        249.0;      8;     11.45;      5.59;     459.67;    0.067690;     -926.348491;     -926.280801;     -926.022405;     -0.96
       499;        249.5;      8;     11.06;      5.46;     452.49;    0.066632;     -926.347546;     -926.280915;     -926.022406;     -0.97
       500;        250.0;      8;     10.92;      5.36;     449.64;    0.066213;     -926.347270;     -926.281058;     -926.022438;     -1.08
